typeDesordre,Algorithme,Taille,Désordre,Comparaisons,Temps,Affectations,Accès_aux_données
partielleDebut,tri_fusion,100,25.0,376,0.00638,1344,2768
partielleMilieu,tri_fusion,100,25.0,350,0.00122,1344,2716
partielleFin,tri_fusion,100,25.0,377,0.00111,1344,2770
partielleAlea,tri_fusion,100,25.0,498,0.00115,1344,3012
partielleDebutInverse,tri_fusion,100,25.0,352,0.00142,1344,2720
partielleMilieuInverse,tri_fusion,100,25.0,351,0.00160,1344,2718
partielleFinInverse,tri_fusion,100,25.0,354,0.00160,1344,2724
partielleAleaInverse,tri_fusion,100,25.0,468,0.00245,1344,2952
partielleDebut,tri_fusion,100,50.0,431,0.00121,1344,2878
partielleMilieu,tri_fusion,100,50.0,405,0.00116,1344,2826
partielleFin,tri_fusion,100,50.0,422,0.00127,1344,2860
partielleAlea,tri_fusion,100,50.0,522,0.00140,1344,3060
partielleDebutInverse,tri_fusion,100,50.0,405,0.00180,1344,2826
partielleMilieuInverse,tri_fusion,100,50.0,408,0.00138,1344,2832
partielleFinInverse,tri_fusion,100,50.0,399,0.00125,1344,2814
partielleAleaInverse,tri_fusion,100,50.0,491,0.00133,1344,2998
partielleDebut,tri_fusion,100,75.0,475,0.00251,1344,2966
partielleMilieu,tri_fusion,100,75.0,479,0.00161,1344,2974
partielleFin,tri_fusion,100,75.0,492,0.00122,1344,3000
partielleAlea,tri_fusion,100,75.0,537,0.00268,1344,3090
partielleDebutInverse,tri_fusion,100,75.0,494,0.00142,1344,3004
partielleMilieuInverse,tri_fusion,100,75.0,477,0.00141,1344,2970
partielleFinInverse,tri_fusion,100,75.0,467,0.00119,1344,2950
partielleAleaInverse,tri_fusion,100,75.0,536,0.00112,1344,3088
partielleDebut,tri_par_tas,100,25.0,777,0.00138,637,2828
partielleMilieu,tri_par_tas,100,25.0,586,0.00102,516,2204
partielleFin,tri_par_tas,100,25.0,759,0.00166,626,2770
partielleAlea,tri_par_tas,100,25.0,743,0.00152,616,2718
partielleDebutInverse,tri_par_tas,100,25.0,589,0.00173,535,2248
partielleMilieuInverse,tri_par_tas,100,25.0,584,0.00116,518,2204
partielleFinInverse,tri_par_tas,100,25.0,573,0.00125,515,2176
partielleAleaInverse,tri_par_tas,100,25.0,600,0.00115,539,2278
partielleDebut,tri_par_tas,100,50.0,753,0.00198,620,2746
partielleMilieu,tri_par_tas,100,50.0,581,0.00119,510,2182
partielleFin,tri_par_tas,100,50.0,731,0.00192,616,2694
partielleAlea,tri_par_tas,100,50.0,722,0.00135,618,2680
partielleDebutInverse,tri_par_tas,100,50.0,607,0.00112,541,2296
partielleMilieuInverse,tri_par_tas,100,50.0,585,0.00104,523,2216
partielleFinInverse,tri_par_tas,100,50.0,586,0.00151,517,2206
partielleAleaInverse,tri_par_tas,100,50.0,619,0.00144,542,2322
partielleDebut,tri_par_tas,100,75.0,720,0.00149,608,2656
partielleMilieu,tri_par_tas,100,75.0,632,0.00157,543,2350
partielleFin,tri_par_tas,100,75.0,712,0.00196,603,2630
partielleAlea,tri_par_tas,100,75.0,714,0.00157,603,2634
partielleDebutInverse,tri_par_tas,100,75.0,652,0.00140,565,2434
partielleMilieuInverse,tri_par_tas,100,75.0,634,0.00180,546,2360
partielleFinInverse,tri_par_tas,100,75.0,587,0.00119,522,2218
partielleAleaInverse,tri_par_tas,100,75.0,681,0.00180,578,2518
partielleDebut,tri_par_base,100,25.0,99,0.00061,200,1184
partielleMilieu,tri_par_base,100,25.0,99,0.00054,200,1102
partielleFin,tri_par_base,100,25.0,99,0.00070,200,1180
partielleAlea,tri_par_base,100,25.0,99,0.00074,200,1110
partielleDebutInverse,tri_par_base,100,25.0,99,0.00065,200,1104
partielleMilieuInverse,tri_par_base,100,25.0,99,0.00066,200,1102
partielleFinInverse,tri_par_base,100,25.0,99,0.00119,200,1102
partielleAleaInverse,tri_par_base,100,25.0,99,0.00052,200,1104
partielleDebut,tri_par_base,100,50.0,99,0.00104,200,1155
partielleMilieu,tri_par_base,100,50.0,99,0.00049,200,1102
partielleFin,tri_par_base,100,50.0,99,0.00054,200,1159
partielleAlea,tri_par_base,100,50.0,99,0.00055,200,1109
partielleDebutInverse,tri_par_base,100,50.0,99,0.00051,200,1105
partielleMilieuInverse,tri_par_base,100,50.0,99,0.00068,200,1102
partielleFinInverse,tri_par_base,100,50.0,99,0.00049,200,1102
partielleAleaInverse,tri_par_base,100,50.0,99,0.00080,200,1102
partielleDebut,tri_par_base,100,75.0,99,0.00069,200,1131
partielleMilieu,tri_par_base,100,75.0,99,0.00096,200,1102
partielleFin,tri_par_base,100,75.0,99,0.00053,200,1132
partielleAlea,tri_par_base,100,75.0,99,0.00058,200,1106
partielleDebutInverse,tri_par_base,100,75.0,99,0.00049,200,1106
partielleMilieuInverse,tri_par_base,100,75.0,99,0.00060,200,1102
partielleFinInverse,tri_par_base,100,75.0,99,0.00049,200,1102
partielleAleaInverse,tri_par_base,100,75.0,99,0.00063,200,1102
partielleDebut,tri_hybride,100,25.0,329,0.00131,767,2128
partielleMilieu,tri_hybride,100,25.0,5002,0.00641,5517,16147
partielleFin,tri_hybride,100,25.0,313,0.00136,748,2080
partielleAlea,tri_hybride,100,25.0,724,0.00180,1221,3313
partielleDebutInverse,tri_hybride,100,25.0,4951,0.00655,5465,15994
partielleMilieuInverse,tri_hybride,100,25.0,4975,0.00646,5490,16066
partielleFinInverse,tri_hybride,100,25.0,4976,0.00622,5491,16069
partielleAleaInverse,tri_hybride,100,25.0,4196,0.00793,4711,13729
partielleDebut,tri_hybride,100,50.0,753,0.00197,1212,3400
partielleMilieu,tri_hybride,100,50.0,4540,0.00584,5055,14761
partielleFin,tri_hybride,100,50.0,777,0.00207,1237,3472
partielleAlea,tri_hybride,100,50.0,1412,0.00247,1920,5377
partielleDebutInverse,tri_hybride,100,50.0,4443,0.00571,4957,14470
partielleMilieuInverse,tri_hybride,100,50.0,4528,0.00579,5043,14725
partielleFinInverse,tri_hybride,100,50.0,4328,0.00621,4843,14125
partielleAleaInverse,tri_hybride,100,50.0,3750,0.00645,4263,12391
partielleDebut,tri_hybride,100,75.0,1784,0.00303,2269,6493
partielleMilieu,tri_hybride,100,75.0,3554,0.00612,4069,11803
partielleFin,tri_hybride,100,75.0,1609,0.00279,2097,5968
partielleAlea,tri_hybride,100,75.0,2301,0.00395,2812,8044
partielleDebutInverse,tri_hybride,100,75.0,3702,0.00503,4212,12247
partielleMilieuInverse,tri_hybride,100,75.0,3791,0.00740,4306,12514
partielleFinInverse,tri_hybride,100,75.0,3627,0.00552,4142,12022
partielleAleaInverse,tri_hybride,100,75.0,2830,0.00413,3341,9631
partielleDebut,tri_rapide,100,25.0,4758,0.00672,92,5034
partielleMilieu,tri_rapide,100,25.0,4736,0.00352,91,5009
partielleFin,tri_rapide,100,25.0,3097,0.00403,89,3364
partielleAlea,tri_rapide,100,25.0,907,0.00094,71,1120
partielleDebutInverse,tri_rapide,100,25.0,3210,0.00271,90,3480
partielleMilieuInverse,tri_rapide,100,25.0,4754,0.00337,91,5027
partielleFinInverse,tri_rapide,100,25.0,2385,0.00325,81,2628
partielleAleaInverse,tri_rapide,100,25.0,820,0.00118,74,1042
partielleDebut,tri_rapide,100,50.0,3939,0.00766,82,4185
partielleMilieu,tri_rapide,100,50.0,3989,0.00289,85,4244
partielleFin,tri_rapide,100,50.0,1689,0.00224,81,1932
partielleAlea,tri_rapide,100,50.0,672,0.00086,69,879
partielleDebutInverse,tri_rapide,100,50.0,1783,0.00186,85,2038
partielleMilieuInverse,tri_rapide,100,50.0,4011,0.00292,85,4266
partielleFinInverse,tri_rapide,100,50.0,793,0.00080,71,1006
partielleAleaInverse,tri_rapide,100,50.0,635,0.00075,67,836
partielleDebut,tri_rapide,100,75.0,2590,0.00363,77,2821
partielleMilieu,tri_rapide,100,75.0,2601,0.00190,75,2826
partielleFin,tri_rapide,100,75.0,860,0.00239,76,1088
partielleAlea,tri_rapide,100,75.0,619,0.00085,64,811
partielleDebutInverse,tri_rapide,100,75.0,1113,0.00146,73,1332
partielleMilieuInverse,tri_rapide,100,75.0,2681,0.00215,75,2906
partielleFinInverse,tri_rapide,100,75.0,732,0.00115,65,927
partielleAleaInverse,tri_rapide,100,75.0,634,0.00129,65,829
partielleDebut,tri_a_bulle,100,25.0,4950,0.00070,125,10150
partielleMilieu,tri_a_bulle,100,25.0,4950,0.00622,4818,19536
partielleFin,tri_a_bulle,100,25.0,4950,0.00084,101,10102
partielleAlea,tri_a_bulle,100,25.0,4950,0.00156,719,11338
partielleDebutInverse,tri_a_bulle,100,25.0,4950,0.00586,4787,19474
partielleMilieuInverse,tri_a_bulle,100,25.0,4950,0.00581,4822,19544
partielleFinInverse,tri_a_bulle,100,25.0,4950,0.00579,4799,19498
partielleAleaInverse,tri_a_bulle,100,25.0,4950,0.00491,3877,17654
partielleDebut,tri_a_bulle,100,50.0,4950,0.00157,639,11178
partielleMilieu,tri_a_bulle,100,50.0,4950,0.00530,4273,18446
partielleFin,tri_a_bulle,100,50.0,4950,0.00139,697,11294
partielleAlea,tri_a_bulle,100,50.0,4950,0.00219,1338,12576
partielleDebutInverse,tri_a_bulle,100,50.0,4950,0.00542,4304,18508
partielleMilieuInverse,tri_a_bulle,100,50.0,4950,0.00526,4330,18560
partielleFinInverse,tri_a_bulle,100,50.0,4950,0.00528,4342,18584
partielleAleaInverse,tri_a_bulle,100,50.0,4950,0.00479,3738,17376
partielleDebut,tri_a_bulle,100,75.0,4950,0.00203,1269,12438
partielleMilieu,tri_a_bulle,100,75.0,4950,0.00453,3665,17230
partielleFin,tri_a_bulle,100,75.0,4950,0.00238,1596,13092
partielleAlea,tri_a_bulle,100,75.0,4950,0.00248,1727,13354
partielleDebutInverse,tri_a_bulle,100,75.0,4950,0.00437,3573,17046
partielleMilieuInverse,tri_a_bulle,100,75.0,4950,0.00439,3631,17162
partielleFinInverse,tri_a_bulle,100,75.0,4950,0.00533,3588,17076
partielleAleaInverse,tri_a_bulle,100,75.0,4950,0.00359,2707,15314
partielleDebut,tri_insertion,100,25.0,152,0.00057,171,555
partielleMilieu,tri_insertion,100,25.0,4809,0.00785,4908,14526
partielleFin,tri_insertion,100,25.0,200,0.00057,224,699
partielleAlea,tri_insertion,100,25.0,717,0.00133,811,2250
partielleDebutInverse,tri_insertion,100,25.0,4784,0.00574,4881,14451
partielleMilieuInverse,tri_insertion,100,25.0,4763,0.00561,4862,14388
partielleFinInverse,tri_insertion,100,25.0,4766,0.00574,4865,14397
partielleAleaInverse,tri_insertion,100,25.0,4259,0.00515,4356,12876
partielleDebut,tri_insertion,100,50.0,626,0.00152,673,1977
partielleMilieu,tri_insertion,100,50.0,4353,0.00538,4452,13158
partielleFin,tri_insertion,100,50.0,585,0.00111,630,1854
partielleAlea,tri_insertion,100,50.0,1282,0.00210,1372,3945
partielleDebutInverse,tri_insertion,100,50.0,4256,0.00578,4352,12867
partielleMilieuInverse,tri_insertion,100,50.0,4312,0.00507,4411,13035
partielleFinInverse,tri_insertion,100,50.0,4279,0.00514,4378,12936
partielleAleaInverse,tri_insertion,100,50.0,3689,0.00469,3788,11166
partielleDebut,tri_insertion,100,75.0,1327,0.00251,1397,4080
partielleMilieu,tri_insertion,100,75.0,3548,0.00421,3647,10743
partielleFin,tri_insertion,100,75.0,1346,0.00201,1417,4137
partielleAlea,tri_insertion,100,75.0,1827,0.00247,1917,5580
partielleDebutInverse,tri_insertion,100,75.0,3476,0.00436,3573,10527
partielleMilieuInverse,tri_insertion,100,75.0,3716,0.00548,3815,11247
partielleFinInverse,tri_insertion,100,75.0,3574,0.00440,3673,10821
partielleAleaInverse,tri_insertion,100,75.0,2967,0.00377,3066,9000
partielleDebut,tri_fusion,5000,25.0,36547,0.06380,123616,258518
partielleMilieu,tri_fusion,5000,25.0,34918,0.06406,123616,255260
partielleFin,tri_fusion,5000,25.0,36526,0.06363,123616,258476
partielleAlea,tri_fusion,5000,25.0,53287,0.07106,123616,291998
partielleDebutInverse,tri_fusion,5000,25.0,34904,0.06423,123616,255232
partielleMilieuInverse,tri_fusion,5000,25.0,34936,0.06400,123616,255296
partielleFinInverse,tri_fusion,5000,25.0,34935,0.06349,123616,255294
partielleAleaInverse,tri_fusion,5000,25.0,52415,0.06449,123616,290254
partielleDebut,tri_fusion,5000,50.0,42396,0.06277,123616,270216
partielleMilieu,tri_fusion,5000,50.0,41259,0.06615,123616,267942
partielleFin,tri_fusion,5000,50.0,42308,0.06505,123616,270040
partielleAlea,tri_fusion,5000,50.0,54843,0.06437,123616,295110
partielleDebutInverse,tri_fusion,5000,50.0,41275,0.06987,123616,267974
partielleMilieuInverse,tri_fusion,5000,50.0,41317,0.07569,123616,268058
partielleFinInverse,tri_fusion,5000,50.0,41216,0.06501,123616,267856
partielleAleaInverse,tri_fusion,5000,50.0,54262,0.06283,123616,293948
partielleDebut,tri_fusion,5000,75.0,48147,0.06520,123616,281718
partielleMilieu,tri_fusion,5000,75.0,48280,0.06864,123616,281984
partielleFin,tri_fusion,5000,75.0,49457,0.06652,123616,284338
partielleAlea,tri_fusion,5000,75.0,55279,0.06784,123616,295982
partielleDebutInverse,tri_fusion,5000,75.0,48840,0.06372,123616,283104
partielleMilieuInverse,tri_fusion,5000,75.0,48266,0.06280,123616,281956
partielleFinInverse,tri_fusion,5000,75.0,47611,0.06316,123616,280646
partielleAleaInverse,tri_fusion,5000,75.0,55137,0.07203,123616,295698
partielleDebut,tri_par_tas,5000,25.0,81592,0.06254,60337,283858
partielleMilieu,tri_par_tas,5000,25.0,70488,0.05657,53594,248164
partielleFin,tri_par_tas,5000,25.0,80760,0.06321,59808,281136
partielleAlea,tri_par_tas,5000,25.0,80288,0.06486,59741,280058
partielleDebutInverse,tri_par_tas,5000,25.0,70359,0.05591,54179,249076
partielleMilieuInverse,tri_par_tas,5000,25.0,70588,0.05559,53605,248386
partielleFinInverse,tri_par_tas,5000,25.0,69278,0.05470,53288,245132
partielleAleaInverse,tri_par_tas,5000,25.0,71549,0.05704,54515,252128
partielleDebut,tri_par_tas,5000,50.0,80193,0.06346,59487,279360
partielleMilieu,tri_par_tas,5000,50.0,71375,0.05665,53929,250608
partielleFin,tri_par_tas,5000,50.0,78711,0.06119,58661,274744
partielleAlea,tri_par_tas,5000,50.0,78619,0.06139,58778,274794
partielleDebutInverse,tri_par_tas,5000,50.0,71354,0.05817,54602,251912
partielleMilieuInverse,tri_par_tas,5000,50.0,71369,0.06791,53905,250548
partielleFinInverse,tri_par_tas,5000,50.0,70328,0.05589,53362,247380
partielleAleaInverse,tri_par_tas,5000,50.0,73214,0.06278,55511,257450
partielleDebut,tri_par_tas,5000,75.0,77736,0.06289,58319,272110
partielleMilieu,tri_par_tas,5000,75.0,72851,0.05722,54877,255456
partielleFin,tri_par_tas,5000,75.0,77389,0.06184,57985,270748
partielleAlea,tri_par_tas,5000,75.0,76975,0.06231,57947,269844
partielleDebutInverse,tri_par_tas,5000,75.0,74698,0.05976,56255,261906
partielleMilieuInverse,tri_par_tas,5000,75.0,72788,0.05849,54870,255316
partielleFinInverse,tri_par_tas,5000,75.0,71652,0.05661,54166,251636
partielleAleaInverse,tri_par_tas,5000,75.0,74676,0.06067,56392,262136
partielleDebut,tri_par_base,5000,25.0,4999,0.02360,20000,108759
partielleMilieu,tri_par_base,5000,25.0,4999,0.02267,20000,105004
partielleFin,tri_par_base,5000,25.0,4999,0.02387,20000,108764
partielleAlea,tri_par_base,5000,25.0,4999,0.02354,20000,105018
partielleDebutInverse,tri_par_base,5000,25.0,4999,0.02270,20000,105012
partielleMilieuInverse,tri_par_base,5000,25.0,4999,0.02266,20000,105004
partielleFinInverse,tri_par_base,5000,25.0,4999,0.02328,20000,105004
partielleAleaInverse,tri_par_base,5000,25.0,4999,0.02313,20000,105004
partielleDebut,tri_par_base,5000,50.0,4999,0.02303,20000,107510
partielleMilieu,tri_par_base,5000,50.0,4999,0.03606,20000,105004
partielleFin,tri_par_base,5000,50.0,4999,0.02339,20000,107509
partielleAlea,tri_par_base,5000,50.0,4999,0.02530,20000,105019
partielleDebutInverse,tri_par_base,5000,50.0,4999,0.02263,20000,105010
partielleMilieuInverse,tri_par_base,5000,50.0,4999,0.02315,20000,105004
partielleFinInverse,tri_par_base,5000,50.0,4999,0.02295,20000,105004
partielleAleaInverse,tri_par_base,5000,50.0,4999,0.02303,20000,105004
partielleDebut,tri_par_base,5000,75.0,4999,0.02363,20000,106260
partielleMilieu,tri_par_base,5000,75.0,4999,0.02273,20000,105004
partielleFin,tri_par_base,5000,75.0,4999,0.02308,20000,106264
partielleAlea,tri_par_base,5000,75.0,4999,0.02435,20000,105011
partielleDebutInverse,tri_par_base,5000,75.0,4999,0.02345,20000,105009
partielleMilieuInverse,tri_par_base,5000,75.0,4999,0.02315,20000,105004
partielleFinInverse,tri_par_base,5000,75.0,4999,0.02342,20000,105004
partielleAleaInverse,tri_par_base,5000,75.0,4999,0.02823,20000,105004
partielleDebut,tri_hybride,5000,25.0,402029,1.21316,466243,2098166
partielleMilieu,tri_hybride,5000,25.0,12126861,12.72901,12194836,37272662
partielleFin,tri_hybride,5000,25.0,409905,1.17677,474123,2121794
partielleAlea,tri_hybride,5000,25.0,1952364,2.63026,2020331,6749171
partielleDebutInverse,tri_hybride,5000,25.0,12137864,12.24582,12205834,37305671
partielleMilieuInverse,tri_hybride,5000,25.0,12124897,12.30443,12192872,37266770
partielleFinInverse,tri_hybride,5000,25.0,12129972,12.32677,12197947,37281995
partielleAleaInverse,tri_hybride,5000,25.0,10577259,10.84919,10645234,32623856
partielleDebut,tri_hybride,5000,50.0,1555056,2.26314,1620526,5557247
partielleMilieu,tri_hybride,5000,50.0,10985079,11.23739,11053054,33847316
partielleFin,tri_hybride,5000,50.0,1583395,2.29480,1648864,5642264
partielleAlea,tri_hybride,5000,50.0,3662968,4.22741,3730933,11880983
partielleDebutInverse,tri_hybride,5000,50.0,10951843,11.22055,11019812,33747608
partielleMilieuInverse,tri_hybride,5000,50.0,10961609,11.23769,11029584,33776906
partielleFinInverse,tri_hybride,5000,50.0,10947199,11.20006,11015174,33733676
partielleAleaInverse,tri_hybride,5000,50.0,8811143,9.16052,8879118,27325508
partielleDebut,tri_hybride,5000,75.0,3461071,4.09363,3527788,11275292
partielleMilieu,tri_hybride,5000,75.0,9003512,9.33091,9071487,27902615
partielleFin,tri_hybride,5000,75.0,3529245,4.12335,3595961,11479814
partielleAlea,tri_hybride,5000,75.0,5041009,5.58719,5108973,16015106
partielleDebutInverse,tri_hybride,5000,75.0,9000835,9.35618,9068800,27894584
partielleMilieuInverse,tri_hybride,5000,75.0,9011295,9.51571,9079270,27925964
partielleFinInverse,tri_hybride,5000,75.0,8983243,9.51159,9051218,27841808
partielleAleaInverse,tri_hybride,5000,75.0,7290545,7.85664,7358520,22763714
partielleDebut,tri_rapide,5000,25.0,11731064,11.14843,4587,11744825
partielleMilieu,tri_rapide,5000,25.0,11731879,5.62073,4573,11745598
partielleFin,tri_rapide,5000,25.0,7085186,6.77346,4589,7098953
partielleAlea,tri_rapide,5000,25.0,99970,0.06360,3650,110920
partielleDebutInverse,tri_rapide,5000,25.0,7078979,3.40339,4581,7092722
partielleMilieuInverse,tri_rapide,5000,25.0,11730250,5.63976,4592,11744026
partielleFinInverse,tri_rapide,5000,25.0,3864137,1.86926,4568,3877841
partielleAleaInverse,tri_rapide,5000,25.0,84944,0.04112,3700,96044
partielleDebut,tri_rapide,5000,50.0,9404289,8.97371,4189,9416856
partielleMilieu,tri_rapide,5000,50.0,9409784,4.52358,4164,9422276
partielleFin,tri_rapide,5000,50.0,3177454,3.03622,4174,3189976
partielleAlea,tri_rapide,5000,50.0,87787,0.05284,3405,98002
partielleDebutInverse,tri_rapide,5000,50.0,3174819,1.53049,4162,3187305
partielleMilieuInverse,tri_rapide,5000,50.0,9405202,4.50670,4185,9417757
partielleFinInverse,tri_rapide,5000,50.0,559216,0.27140,3914,570958
partielleAleaInverse,tri_rapide,5000,50.0,82747,0.03800,3395,92932
partielleDebut,tri_rapide,5000,75.0,5518465,5.25969,3767,5529766
partielleMilieu,tri_rapide,5000,75.0,5519632,2.65692,3753,5530891
partielleFin,tri_rapide,5000,75.0,841648,0.79110,3751,852901
partielleAlea,tri_rapide,5000,75.0,74179,0.03859,3324,84151
partielleDebutInverse,tri_rapide,5000,75.0,860917,0.42325,3749,872164
partielleMilieuInverse,tri_rapide,5000,75.0,5514801,2.67570,3745,5526036
partielleFinInverse,tri_rapide,5000,75.0,91869,0.04619,3519,102426
partielleAleaInverse,tri_rapide,5000,75.0,69688,0.03731,3354,79750
partielleDebut,tri_a_bulle,5000,25.0,12497500,0.42371,385366,25765732
partielleMilieu,tri_a_bulle,5000,25.0,12497500,11.50774,12104059,49203118
partielleFin,tri_a_bulle,5000,25.0,12497500,0.42979,391856,25778712
partielleAlea,tri_a_bulle,5000,25.0,12497500,1.93706,1949155,28893310
partielleDebutInverse,tri_a_bulle,5000,25.0,12497500,11.53913,12106890,49208780
partielleMilieuInverse,tri_a_bulle,5000,25.0,12497500,11.50873,12102991,49200982
partielleFinInverse,tri_a_bulle,5000,25.0,12497500,11.55687,12113780,49222560
partielleAleaInverse,tri_a_bulle,5000,25.0,12497500,10.04479,10539544,46074088
partielleDebut,tri_a_bulle,5000,50.0,12497500,1.59590,1595851,28186702
partielleMilieu,tri_a_bulle,5000,50.0,12497500,10.43353,10971537,46938074
partielleFin,tri_a_bulle,5000,50.0,12497500,1.54541,1556648,28108296
partielleAlea,tri_a_bulle,5000,50.0,12497500,3.48251,3592938,32180876
partielleDebutInverse,tri_a_bulle,5000,50.0,12497500,10.41522,10912304,46819608
partielleMilieuInverse,tri_a_bulle,5000,50.0,12497500,10.37296,10906784,46808568
partielleFinInverse,tri_a_bulle,5000,50.0,12497500,10.44535,10979836,46954672
partielleAleaInverse,tri_a_bulle,5000,50.0,12497500,8.47896,8909375,42813750
partielleDebut,tri_a_bulle,5000,75.0,12497500,3.41343,3513060,32021120
partielleMilieu,tri_a_bulle,5000,75.0,12497500,8.96201,9033927,43062854
partielleFin,tri_a_bulle,5000,75.0,12497500,3.39689,3524948,32044896
partielleAlea,tri_a_bulle,5000,75.0,12497500,4.96682,5124586,35244172
partielleDebutInverse,tri_a_bulle,5000,75.0,12497500,8.58465,8972913,42940826
partielleMilieuInverse,tri_a_bulle,5000,75.0,12497500,8.62260,8970078,42935156
partielleFinInverse,tri_a_bulle,5000,75.0,12497500,8.52832,8971261,42937522
partielleAleaInverse,tri_a_bulle,5000,75.0,12497500,7.07738,7400405,39795810
partielleDebut,tri_insertion,5000,25.0,387737,0.38508,388979,1168210
partielleMilieu,tri_insertion,5000,25.0,12096698,11.52195,12101697,36295093
partielleFin,tri_insertion,5000,25.0,387471,0.39137,388714,1167412
partielleAlea,tri_insertion,5000,25.0,2038426,1.95535,2043413,6120277
partielleDebutInverse,tri_insertion,5000,25.0,12107678,11.53256,12112664,36328033
partielleMilieuInverse,tri_insertion,5000,25.0,12104033,11.56763,12109032,36317098
partielleFinInverse,tri_insertion,5000,25.0,12111035,11.54912,12116034,36338104
partielleAleaInverse,tri_insertion,5000,25.0,10497172,10.14344,10502171,31496515
partielleDebut,tri_insertion,5000,50.0,1547428,1.49286,1549921,4647283
partielleMilieu,tri_insertion,5000,50.0,10928827,10.42650,10933826,32791480
partielleFin,tri_insertion,5000,50.0,1530291,1.48808,1532779,4595872
partielleAlea,tri_insertion,5000,50.0,3706277,3.53249,3711270,11123830
partielleDebutInverse,tri_insertion,5000,50.0,10910523,10.41064,10915513,32736568
partielleMilieuInverse,tri_insertion,5000,50.0,10943829,10.46140,10948828,32836486
partielleFinInverse,tri_insertion,5000,50.0,10976999,10.44099,10981998,32935996
partielleAleaInverse,tri_insertion,5000,50.0,8804099,8.43054,8809098,26417296
partielleDebut,tri_insertion,5000,75.0,3536842,3.37413,3540586,10615525
partielleMilieu,tri_insertion,5000,75.0,9033937,8.59793,9038936,27106810
partielleFin,tri_insertion,5000,75.0,3513328,3.35395,3517065,10544983
partielleAlea,tri_insertion,5000,75.0,5196604,4.97386,5201595,15594811
partielleDebutInverse,tri_insertion,5000,75.0,8985455,8.57320,8990449,26961364
partielleMilieuInverse,tri_insertion,5000,75.0,8992124,8.56801,8997123,26981371
partielleFinInverse,tri_insertion,5000,75.0,8930051,8.51852,8935050,26795152
partielleAleaInverse,tri_insertion,5000,75.0,7491320,7.12895,7496319,22478959
partielleDebut,tri_fusion,100000,25.0,999547,1.62208,3337856,7005878
partielleMilieu,tri_fusion,100000,25.0,970257,1.60771,3337856,6947298
partielleFin,tri_fusion,100000,25.0,999509,1.62182,3337856,7005802
partielleAlea,tri_fusion,100000,25.0,1500119,1.61044,3337856,8007022
partielleDebutInverse,tri_fusion,100000,25.0,970252,1.60385,3337856,6947288
partielleMilieuInverse,tri_fusion,100000,25.0,970261,1.63294,3337856,6947306
partielleFinInverse,tri_fusion,100000,25.0,970401,1.60810,3337856,6947586
partielleAleaInverse,tri_fusion,100000,25.0,1479728,1.60927,3337856,7966240
partielleDebut,tri_fusion,100000,50.0,1170141,1.62471,3337856,7347066
partielleMilieu,tri_fusion,100000,50.0,1150639,1.61127,3337856,7308062
partielleFin,tri_fusion,100000,50.0,1170197,1.61984,3337856,7347178
partielleAlea,tri_fusion,100000,50.0,1526633,1.62548,3337856,8060050
partielleDebutInverse,tri_fusion,100000,50.0,1150786,1.61217,3337856,7308356
partielleMilieuInverse,tri_fusion,100000,50.0,1150763,1.63219,3337856,7308310
partielleFinInverse,tri_fusion,100000,50.0,1150622,1.60881,3337856,7308028
partielleAleaInverse,tri_fusion,100000,50.0,1518026,1.64223,3337856,8042836
partielleDebut,tri_fusion,100000,75.0,1340618,1.62835,3337856,7688020
partielleMilieu,tri_fusion,100000,75.0,1343490,1.62306,3337856,7693764
partielleFin,tri_fusion,100000,75.0,1365679,1.61107,3337856,7738142
partielleAlea,tri_fusion,100000,75.0,1534723,1.62048,3337856,8076230
partielleDebutInverse,tri_fusion,100000,75.0,1356047,1.64228,3337856,7718878
partielleMilieuInverse,tri_fusion,100000,75.0,1343407,1.64453,3337856,7693598
partielleFinInverse,tri_fusion,100000,75.0,1331095,1.63001,3337856,7668974
partielleAleaInverse,tri_fusion,100000,75.0,1532697,1.60492,3337856,8072178
partielleDebut,tri_par_tas,100000,25.0,2281540,1.67062,1638273,7839626
partielleMilieu,tri_par_tas,100000,25.0,2056317,1.49448,1500754,7114142
partielleFin,tri_par_tas,100000,25.0,2264464,1.61654,1629974,7788876
partielleAlea,tri_par_tas,100000,25.0,2263642,1.66994,1630550,7788384
partielleDebutInverse,tri_par_tas,100000,25.0,2044352,1.49733,1512521,7113746
partielleMilieuInverse,tri_par_tas,100000,25.0,2056568,1.55768,1500940,7115016
partielleFinInverse,tri_par_tas,100000,25.0,2024305,1.49986,1493156,7034922
partielleAleaInverse,tri_par_tas,100000,25.0,2081781,1.53082,1521724,7207010
partielleDebut,tri_par_tas,100000,50.0,2250353,1.60681,1621577,7743860
partielleMilieu,tri_par_tas,100000,50.0,2074117,1.51001,1510337,7168908
partielleFin,tri_par_tas,100000,50.0,2224651,1.60192,1606694,7662690
partielleAlea,tri_par_tas,100000,50.0,2225511,1.61767,1610949,7672920
partielleDebutInverse,tri_par_tas,100000,50.0,2079247,1.51453,1523697,7205888
partielleMilieuInverse,tri_par_tas,100000,50.0,2073587,1.51162,1510207,7167588
partielleFinInverse,tri_par_tas,100000,50.0,2056269,1.51943,1499222,7110982
partielleAleaInverse,tri_par_tas,100000,50.0,2116332,1.53593,1543699,7320062
partielleDebut,tri_par_tas,100000,75.0,2208912,1.59278,1598648,7615120
partielleMilieu,tri_par_tas,100000,75.0,2100359,1.53851,1530380,7261478
partielleFin,tri_par_tas,100000,75.0,2196050,1.59876,1592451,7577002
partielleAlea,tri_par_tas,100000,75.0,2192231,1.58177,1592429,7569320
partielleDebutInverse,tri_par_tas,100000,75.0,2140600,1.56118,1558208,7397616
partielleMilieuInverse,tri_par_tas,100000,75.0,2100892,1.54428,1530777,7263338
partielleFinInverse,tri_par_tas,100000,75.0,2079433,1.50333,1515420,7189706
partielleAleaInverse,tri_par_tas,100000,75.0,2142437,1.57862,1561175,7407224
partielleDebut,tri_par_base,100000,25.0,99999,0.50395,500000,2675018
partielleMilieu,tri_par_base,100000,25.0,99999,0.50255,500000,2600005
partielleFin,tri_par_base,100000,25.0,99999,0.50392,500000,2675015
partielleAlea,tri_par_base,100000,25.0,99999,0.50216,500000,2600017
partielleDebutInverse,tri_par_base,100000,25.0,99999,0.51967,500000,2600013
partielleMilieuInverse,tri_par_base,100000,25.0,99999,0.50368,500000,2600005
partielleFinInverse,tri_par_base,100000,25.0,99999,0.51327,500000,2600005
partielleAleaInverse,tri_par_base,100000,25.0,99999,0.49403,500000,2600007
partielleDebut,tri_par_base,100000,50.0,99999,0.50868,500000,2650017
partielleMilieu,tri_par_base,100000,50.0,99999,0.50172,500000,2600005
partielleFin,tri_par_base,100000,50.0,99999,0.49834,500000,2650016
partielleAlea,tri_par_base,100000,50.0,99999,0.50723,500000,2600012
partielleDebutInverse,tri_par_base,100000,50.0,99999,0.49912,500000,2600017
partielleMilieuInverse,tri_par_base,100000,50.0,99999,0.50392,500000,2600005
partielleFinInverse,tri_par_base,100000,50.0,99999,0.49924,500000,2600005
partielleAleaInverse,tri_par_base,100000,50.0,99999,0.49757,500000,2600005
partielleDebut,tri_par_base,100000,75.0,99999,0.49970,500000,2625022
partielleMilieu,tri_par_base,100000,75.0,99999,0.49108,500000,2600005
partielleFin,tri_par_base,100000,75.0,99999,0.50990,500000,2625015
partielleAlea,tri_par_base,100000,75.0,99999,0.50203,500000,2600011
partielleDebutInverse,tri_par_base,100000,75.0,99999,0.51145,500000,2600018
partielleMilieuInverse,tri_par_base,100000,75.0,99999,0.49525,500000,2600005
partielleFinInverse,tri_par_base,100000,75.0,99999,0.50820,500000,2600005
partielleAleaInverse,tri_par_base,100000,75.0,99999,0.49850,500000,2600009
partielleDebut,tri_hybride,100000,25.0,156789217,447.04739,158722227,786112409
partielleMilieu,tri_hybride,100000,25.0,4844453315,4886.95738,4846461330,14849104703
partielleFin,tri_hybride,100000,25.0,156696801,445.31737,158629806,785835161
partielleAlea,tri_hybride,100000,25.0,783665440,1038.42502,785673438,2666741078
partielleDebutInverse,tri_hybride,100000,25.0,4843615721,5310.86516,4845623732,14846591921
partielleMilieuInverse,tri_hybride,100000,25.0,4843044385,4868.11943,4845052400,14844877913
partielleFinInverse,tri_hybride,100000,25.0,4843475798,4889.70036,4845483813,14846172152
partielleAleaInverse,tri_hybride,100000,25.0,4224932609,4314.23486,4226940622,12990542585
partielleDebut,tri_hybride,100000,50.0,624876735,891.04148,626834737,2190374963
partielleMilieu,tri_hybride,100000,50.0,4376066845,4535.09996,4378074860,13443945293
partielleFin,tri_hybride,100000,50.0,626031601,908.07560,627989606,2193839561
partielleAlea,tri_hybride,100000,50.0,1454599548,1680.20242,1456607547,4679543402
partielleDebutInverse,tri_hybride,100000,50.0,4372441765,4458.86805,4374449768,13433070053
partielleMilieuInverse,tri_hybride,100000,50.0,4376233609,4460.86908,4378241624,13444445585
partielleFinInverse,tri_hybride,100000,50.0,4372791035,4453.73727,4374799050,13434117863
partielleAleaInverse,tri_hybride,100000,50.0,3536789146,3661.05336,3538797161,10926112196
partielleDebut,tri_hybride,100000,75.0,1407070873,1635.55788,1409053881,4536957377
partielleMilieu,tri_hybride,100000,75.0,3594238287,3714.96094,3596246302,11098459619
partielleFin,tri_hybride,100000,75.0,1408052831,1633.39321,1410035834,4539903251
partielleAlea,tri_hybride,100000,75.0,2027409208,2228.63862,2029417211,6397972382
partielleDebutInverse,tri_hybride,100000,75.0,3592806309,3722.36363,3594814320,11094163685
partielleMilieuInverse,tri_hybride,100000,75.0,3595896498,3717.68276,3597904513,11103434252
partielleFinInverse,tri_hybride,100000,75.0,3595138085,4576.79319,3597146100,11101159013
partielleAleaInverse,tri_hybride,100000,75.0,2970511140,3769.04718,2972519153,9227278178
partielleDebut,tri_insertion,100000,25.0,156477635,15.24373,156502624,469532904
partielleMilieu,tri_insertion,100000,25.0,4842938177,598.93532,4843038176,14528914530
partielleFin,tri_insertion,100000,25.0,155928690,22.55436,155953676,467886069
partielleAlea,tri_insertion,100000,25.0,788040816,109.81188,788140800,2364222447
partielleDebutInverse,tri_insertion,100000,25.0,4843680923,683.32778,4843780905,14531142768
partielleMilieuInverse,tri_insertion,100000,25.0,4844025866,735.95500,4844125865,14532177597
partielleFinInverse,tri_insertion,100000,25.0,4844786953,4970.28412,4844886952,14534460858
partielleAleaInverse,tri_insertion,100000,25.0,4216820532,465.02316,4216920531,12650561595
partielleDebut,tri_insertion,100000,50.0,626431854,97.25735,626481845,1879395561
partielleMilieu,tri_insertion,100000,50.0,4376282038,524.97855,4376382037,13128946113
partielleFin,tri_insertion,100000,50.0,626078028,73.22820,626128017,1878334083
partielleAlea,tri_insertion,100000,50.0,1468118541,171.60505,1468218520,4404455622
partielleDebutInverse,tri_insertion,100000,50.0,4373922388,733.96656,4374022379,13121867163
partielleMilieuInverse,tri_insertion,100000,50.0,4377233548,832.78037,4377333547,13131800643
partielleFinInverse,tri_insertion,100000,50.0,4379585994,863.12998,4379685993,13138857981
partielleAleaInverse,tri_insertion,100000,50.0,3544508124,667.41034,3544608121,10633624371
partielleDebut,tri_insertion,100000,75.0,1410028440,207.82523,1410103434,4230185319
partielleMilieu,tri_insertion,100000,75.0,3593256142,372.98794,3593356141,10779868425
partielleFin,tri_insertion,100000,75.0,1404360039,142.64449,1404435026,4213180116
partielleAlea,tri_insertion,100000,75.0,2029025962,2359.13822,2029125950,6087177885
partielleDebutInverse,tri_insertion,100000,75.0,3599172448,1149.76321,3599272436,10797617343
partielleMilieuInverse,tri_insertion,100000,75.0,3592291689,1329.04985,3592391688,10776975066
partielleFinInverse,tri_insertion,100000,75.0,3592172753,672.84579,3592272752,10776618258
partielleAleaInverse,tri_insertion,100000,75.0,2970474604,520.82579,2970574603,8911523811
partielleDebut,tri_a_bulle,100000,25.0,4999950000,217.22402,157380671,10314661342
partielleMilieu,tri_a_bulle,100000,25.0,4999950000,4995.62923,4843414559,19686729118
partielleFin,tri_a_bulle,100000,25.0,4999950000,340.05138,155711097,10311322194
partielleAlea,tri_a_bulle,100000,25.0,4999950000,1333.56145,780860756,11561621512
partielleDebutInverse,tri_a_bulle,100000,25.0,4999950000,7968.38270,4842384744,19684669488
partielleMilieuInverse,tri_a_bulle,100000,25.0,4999950000,5472.56334,4843053073,19686006146
partielleFinInverse,tri_a_bulle,100000,25.0,4999950000,5368.04914,4843548077,19686996154
partielleAleaInverse,tri_a_bulle,100000,25.0,4999950000,3928.34435,4211451863,18422803726
partielleDebut,tri_a_bulle,100000,50.0,4999950000,595.05678,626261083,11252422166
partielleMilieu,tri_a_bulle,100000,50.0,4999950000,4149.35338,4373948543,18747797086
partielleFin,tri_a_bulle,100000,50.0,4999950000,641.90557,625314652,11250529304
partielleAlea,tri_a_bulle,100000,50.0,4999950000,1439.48198,1462056131,12924012262
partielleDebutInverse,tri_a_bulle,100000,50.0,4999950000,4221.27891,4376610986,18753121972
partielleMilieuInverse,tri_a_bulle,100000,50.0,4999950000,4185.28365,4377194369,18754288738
partielleFinInverse,tri_a_bulle,100000,50.0,4999950000,4260.32621,4370728341,18741356682
partielleAleaInverse,tri_a_bulle,100000,50.0,4999950000,3480.58592,3549905094,17099710188
partielleDebut,tri_a_bulle,100000,75.0,4999950000,1353.46905,1403982621,12807865242
partielleMilieu,tri_a_bulle,100000,75.0,4999950000,3457.58192,3598129891,17196159782
partielleFin,tri_a_bulle,100000,75.0,4999950000,1406.26756,1406613164,12813126328
partielleAlea,tri_a_bulle,100000,75.0,4999950000,2029.84967,2032212737,14064325474
partielleDebutInverse,tri_a_bulle,100000,75.0,4999950000,3485.06700,3590400688,17180701376
partielleMilieuInverse,tri_a_bulle,100000,75.0,4999950000,3450.18537,3589158873,17178217746
partielleFinInverse,tri_a_bulle,100000,75.0,4999950000,3534.77882,3596447760,17192795520
partielleAleaInverse,tri_a_bulle,100000,75.0,4999950000,3136.98305,2968476340,15936852680
partielleDebut,tri_fusion,1000000,25.0,11968238,19.91126,39902848,83790748
partielleMilieu,tri_fusion,1000000,25.0,11832739,20.70371,39902848,83519750
partielleFin,tri_fusion,1000000,25.0,11967783,20.24078,39902848,83789838
partielleAlea,tri_fusion,1000000,25.0,18249153,20.18150,39902848,96352578
partielleDebutInverse,tri_fusion,1000000,25.0,11832090,20.22002,39902848,83518452
partielleMilieuInverse,tri_fusion,1000000,25.0,11832557,20.32510,39902848,83519386
partielleFinInverse,tri_fusion,1000000,25.0,11831458,20.21592,39902848,83517188
partielleAleaInverse,tri_fusion,1000000,25.0,18162457,20.24360,39902848,96179186
partielleDebut,tri_fusion,1000000,50.0,14120122,20.37219,39902848,88094516
partielleMilieu,tri_fusion,1000000,50.0,14029296,20.26872,39902848,87912864
partielleFin,tri_fusion,1000000,50.0,14120060,20.26666,39902848,88094392
partielleAlea,tri_fusion,1000000,50.0,18552859,20.24945,39902848,96959990
partielleDebutInverse,tri_fusion,1000000,50.0,14029525,20.22761,39902848,87913322
partielleMilieuInverse,tri_fusion,1000000,50.0,14028871,20.19343,39902848,87912014
partielleFinInverse,tri_fusion,1000000,50.0,14029357,20.27318,39902848,87912986
partielleAleaInverse,tri_fusion,1000000,50.0,18514179,20.27973,39902848,96882630
partielleDebut,tri_fusion,1000000,75.0,16271943,20.12855,39902848,92398158
partielleMilieu,tri_fusion,1000000,75.0,16352420,20.28866,39902848,92559112
partielleFin,tri_fusion,1000000,75.0,16523017,20.38152,39902848,92900306
partielleAlea,tri_fusion,1000000,75.0,18652919,20.68754,39902848,97160110
partielleDebutInverse,tri_fusion,1000000,75.0,16476755,20.33737,39902848,92807782
partielleMilieuInverse,tri_fusion,1000000,75.0,16352146,20.34145,39902848,92558564
partielleFinInverse,tri_fusion,1000000,75.0,16227255,20.25678,39902848,92308782
partielleAleaInverse,tri_fusion,1000000,75.0,18641515,20.35911,39902848,97137302
partielleDebut,tri_par_tas,1000000,25.0,27863085,20.35888,19683398,95092966
partielleMilieu,tri_par_tas,1000000,25.0,25533952,18.96177,18373088,87814080
partielleFin,tri_par_tas,1000000,25.0,27658717,20.42100,19569853,94457140
partielleAlea,tri_par_tas,1000000,25.0,27657912,20.52136,19589483,94494790
partielleDebutInverse,tri_par_tas,1000000,25.0,25403648,19.15414,18484557,87776410
partielleMilieuInverse,tri_par_tas,1000000,25.0,25532594,19.54684,18373182,87811552
partielleFinInverse,tri_par_tas,1000000,25.0,25214497,19.53645,18299525,87028044
partielleAleaInverse,tri_par_tas,1000000,25.0,25794714,19.58913,18550313,88690054
partielleDebut,tri_par_tas,1000000,50.0,27569448,20.38254,19520424,94179744
partielleMilieu,tri_par_tas,1000000,50.0,25727250,20.02571,18431195,88316890
partielleFin,tri_par_tas,1000000,50.0,27240209,20.46137,19361976,93204370
partielleAlea,tri_par_tas,1000000,50.0,27263217,20.14955,19393912,93314258
partielleDebutInverse,tri_par_tas,1000000,50.0,25757967,19.47282,18563729,88643392
partielleMilieuInverse,tri_par_tas,1000000,50.0,25726308,20.73718,18430628,88313872
partielleFinInverse,tri_par_tas,1000000,50.0,25540479,19.25136,18300898,87682754
partielleAleaInverse,tri_par_tas,1000000,50.0,26129453,19.67830,18753431,89765768
partielleDebut,tri_par_tas,1000000,75.0,27116764,19.99835,19253412,92740352
partielleMilieu,tri_par_tas,1000000,75.0,25996619,19.70116,18619840,89232918
partielleFin,tri_par_tas,1000000,75.0,26953122,20.28198,19223178,92352600
partielleAlea,tri_par_tas,1000000,75.0,26917640,20.20300,19215350,92265980
partielleDebutInverse,tri_par_tas,1000000,75.0,26384103,20.90265,18917167,90602540
partielleMilieuInverse,tri_par_tas,1000000,75.0,25995927,27.62409,18619652,89231158
partielleFinInverse,tri_par_tas,1000000,75.0,25779802,19.79124,18455314,88470232
partielleAleaInverse,tri_par_tas,1000000,75.0,26407129,20.02905,18919496,90653250
partielleDebut,tri_par_base,1000000,25.0,999999,6.22320,6000000,31750018
partielleMilieu,tri_par_base,1000000,25.0,999999,6.23861,6000000,31000006
partielleFin,tri_par_base,1000000,25.0,999999,6.24444,6000000,31750015
partielleAlea,tri_par_base,1000000,25.0,999999,6.25161,6000000,31000019
partielleDebutInverse,tri_par_base,1000000,25.0,999999,6.20295,6000000,31000015
partielleMilieuInverse,tri_par_base,1000000,25.0,999999,6.25340,6000000,31000006
partielleFinInverse,tri_par_base,1000000,25.0,999999,6.20842,6000000,31000006
partielleAleaInverse,tri_par_base,1000000,25.0,999999,6.28555,6000000,31000006
partielleDebut,tri_par_base,1000000,50.0,999999,6.18966,6000000,31500024
partielleMilieu,tri_par_base,1000000,50.0,999999,6.16955,6000000,31000006
partielleFin,tri_par_base,1000000,50.0,999999,6.12766,6000000,31500017
partielleAlea,tri_par_base,1000000,50.0,999999,6.23319,6000000,31000026
partielleDebutInverse,tri_par_base,1000000,50.0,999999,6.27483,6000000,31000021
partielleMilieuInverse,tri_par_base,1000000,50.0,999999,6.25880,6000000,31000006
partielleFinInverse,tri_par_base,1000000,50.0,999999,6.23460,6000000,31000006
partielleAleaInverse,tri_par_base,1000000,50.0,999999,6.23770,6000000,31000011
partielleDebut,tri_par_base,1000000,75.0,999999,6.30690,6000000,31250020
partielleMilieu,tri_par_base,1000000,75.0,999999,6.20387,6000000,31000006
partielleFin,tri_par_base,1000000,75.0,999999,6.24922,6000000,31250020
partielleAlea,tri_par_base,1000000,75.0,999999,6.15622,6000000,31000020
partielleDebutInverse,tri_par_base,1000000,75.0,999999,6.16041,6000000,31000020
partielleMilieuInverse,tri_par_base,1000000,75.0,999999,6.20881,6000000,31000006
partielleFinInverse,tri_par_base,1000000,75.0,999999,6.17789,6000000,31000006
partielleAleaInverse,tri_par_base,1000000,75.0,999999,6.25569,6000000,31000011
totalementDesordoné,tri_fusion,100,100.0,546,0.00119,1344,3108
totalementDesordoné,tri_par_tas,100,100.0,689,0.00116,590,2558
totalementDesordoné,tri_par_base,100,100.0,99,0.00068,200,1109
totalementDesordoné,tri_rapide,100,100.0,760,0.00078,66,958
totalementDesordoné,tri_hybride,100,100.0,2878,0.00404,3390,9775
totalementDesordoné,tri_a_bulle,100,100.0,4950,0.00311,2373,14646
totalementDesordoné,tri_insertion,100,100.0,2851,0.00347,2947,8652
totalementDesordoné,tri_fusion,5000,100.0,55214,0.06395,123616,295852
totalementDesordoné,tri_par_tas,5000,100.0,75804,0.05954,57161,265930
totalementDesordoné,tri_par_base,5000,100.0,4999,0.02232,20000,105013
totalementDesordoné,tri_rapide,5000,100.0,67852,0.03570,3326,77830
totalementDesordoné,tri_hybride,5000,100.0,6177430,6.75258,6245397,19424369
totalementDesordoné,tri_a_bulle,5000,100.0,12497500,6.40301,6321769,37638538
totalementDesordoné,tri_insertion,5000,100.0,6191288,6.44580,6196281,18578863
totalementDesordoné,tri_fusion,20000,100.0,260929,0.32471,574464,1383554
totalementDesordoné,tri_par_tas,20000,100.0,362935,0.32171,268395,1262660
totalementDesordoné,tri_par_base,20000,100.0,19999,0.12011,100000,520025
totalementDesordoné,tri_rapide,20000,100.0,342932,0.19168,13312,382868
totalementDesordoné,tri_hybride,20000,100.0,99877422,120.05422,100209268,312665512
totalementDesordoné,tri_a_bulle,20000,100.0,199990000,109.85900,100529946,601039892
totalementDesordoné,tri_insertion,20000,100.0,99987513,104.61990,100007506,299982538
totalementDesordoné,tri_fusion,100000,100.0,1536612,1.81472,3337856,8080008
totalementDesordoné,tri_par_tas,100000,100.0,2163571,1.71128,1575089,7477320
totalementDesordoné,tri_par_base,100000,100.0,99999,0.56276,500000,2600022
totalementDesordoné,tri_rapide,100000,100.0,2229229,1.30515,66726,2429407
totalementDesordoné,tri_hybride,100000,100.0,2495778485,2791.26902,2497786487,7803080213
totalementDesordoné,tri_a_bulle,100000,100.0,4999950000,2446.13997,2500449287,15000798574
totalementDesordoné,tri_insertion,100000,100.0,2496838627,2533.17931,2496938615,7490615880
totalementDesordoné,tri_fusion,1000000,100.0,18673476,20.21150,39902848,97201224
totalementDesordoné,tri_par_tas,1000000,100.0,26619176,19.83559,19048486,91335324
totalementDesordoné,tri_par_base,1000000,100.0,999999,6.16046,6000000,31000022
totalementDesordoné,tri_rapide,1000000,100.0,26123586,13.75179,666989,28124553
